Coloumn,From,To,Hotels,Nights,Adults,Children,In,Out,price,url,Rating,room
0,London Stansted ,Palma city,Melia Palma Bay,7,2,0,"Mon, 21 Mar","Sun,29 Mar",£944,Palma City Holidays 2021/2022 | Jet2holidays,4,1
1,London Stansted ,"Puerto De La Cruz,Tenerife",GF Noelia,7,2,0,"Thu, 24 Mar","Fri, 1 Apr",£761,Holidays | Jet2holidays,3,1
2,Birmingham,"Albufeira, Algarve",Santa Eulalia Hotel and Spa,5,1,0,"Sat,19 Mar","Fri, 25 Mar",£841,Holidays | Jet2holidays,4,1
3,London Stansted ,"Dubrovnik City,Dubrovnik City",Hotel Kompas,4,1,0,"Sun,10 Apr","Thu,15 Apr",£507,Holidays | Jet2holidays,4,1
4,East Midland,"Costa Adeje, Tinerfe",H10 Gran Tinerfe,4,1,0,"Sun,10 Apr","Thu,15 Apr",£816,Holidays | Jet2holidays,3,1
5,Leeds Bradford,"Santa Ponsa, Majorca",Jutlandaia Apartments,10,2,1,"Thu, 21 Apr","Sun,1 May","£1,155",Holidays | Jet2holidays,3,1
6,Birmingham,"Santa Ponsa, Majorca",Globales Verdemar,10,2,1,"Thu,21 Apr","Sun,1 May",£962,Holidays | Jet2holidays,3,1
7,Manchester ,"Puerto Pollensa,Marjorca",Hobby Club Apartments,16,2,2,"Thu,21 Apr","Sun,1 May","£1,961",Holidays | Jet2holidays,3,2
8,Leeds Bradford,C'an Picafort,Zafiro C'an Picafort,16,2,2,"Thu,21 Apr","Sat,7 May","£2,093",Holidays | Jet2holidays,4,2
9,Birmingham,"Alcudia, Majorca",sea Club Mediterranean Resort,16,2,2,"Tue,05 Apr","Thu,21 Apr","£2,186",Holidays | Jet2holidays,3,1
10,London Luton,"Varadero, Cuba",Sol Palmeras,7,2,0,"Mon,06 Jun",Mon 13 Jun,"£1,051",TUI Holidays Search Results | Discover Your Smile,3,1
11,London Luton,"Paris, France",Albe Saint Michel,5,2,1,"Sat,11 jun","Thu, 16 Jun","£1,333",TUI Holidays Search Results | Discover Your Smile,4.5,1
12,Bristol,"Paris, France",Novotel Paris Gare De Lyon,5,2,1,"Wed, 08 Jun ",Mon 13 Jun,"£1,339",TUI Holidays Search Results | Discover Your Smile,4.5,2
13,London Gatwick,"Khao Lak, Thailand",Kamlima resort and Villas Khao Lak,9,2,2,"Thu, 09 Jun","Tue, 14 Jun","£4,520",TUI Holidays Search Results | Discover Your Smile,4,1
14,London Gatwick,"Bang Tao, Phuket,Thailand",Arinara Bangtao Beach Resort,9,2,2,"Thu,09 Jun","Tue, 14 Jun","£3,891",TUI Holidays Search Results | Discover Your Smile,4,1
15,Bristol,"Paris, France","The Originals Boutique, Mason Montmartre,Paris",2,1,0,"Fri,10 Jun",Mon 13 Jun,£381,TUI Holidays Search Results | Discover Your Smile,4,1
