,Outbound,Inbound,Hotel,Ratings,in,out,Avaliable,Feedback,Nights,Price,Rooms,Adults,Children
0,Bristol,Malaga,Pala Beach club Apartamentos,1,Tue 22 Mar,Sun 27 Mar,Y,7,5,£128,1,1,0
1,London Gatwick,chania,Rimondi Grand Resort & Spa Hotel,5,Sun 1 May,Sun 8 May,Y,9.5,7,£521,1,2,0
2,London Gatwick,chania,Rimondi Grand Resort & Spa Hotel,5,Sun 1 May,Sun 8 May,Y,9.5,7,£521,1,2,0
3,Leeds Bradford,Fuerteventura,Globales Costa Tropical,3,Tue 29 Mar,Fri 1 Apr,N,8,3,£422,1,1,0
4,Leeds Bradford,Fuerteventura,Globales Costa Tropical,3,Tue 29 Mar,Fri 1 Apr,N,8,3,£422,1,1,0
5,Leeds Bradford,Fuerteventura,Globales Costa Tropical,3,Tue 29 Mar,Fri 1 Apr,N,8,3,£422,1,1,0
6,London Stansted,Paphos,King Evelthon Beach Hotel & Resort,5,Tue 29 Nov,Tue 6 Dec,Y,7,4,£425,1,1,0
7,London Stansted,Paphos,King Evelthon Beach Hotel & Resort,5,Tue 29 Nov,Tue 6 Dec,Y,7,4,£425,1,1,0
8,London Stansted,Faro,Albufeira Jardim Apartments,2,Mon 6 Feb,Mon 13 Feb,Y ,1,5,£316,1,2,0
9,London Stansted,Faro,Albufeira Jardim Apartments,2,Mon 6 Feb,Mon 13 Feb,Y ,1,5,£316,1,2,0
10,East Midlands,Palma Mallorca ,Sol Katmandu Park & Resort  ,4,Thu 31 Mar,Sun 10 Apr,N,8.5,10,"£1,246",1,2,1
11,East Midlands,Palma Mallorca ,Sol Katmandu Park & Resort  ,4,Thu 31 Mar,Sun 10 Apr,N,8.5,10,"£1,246",1,2,1
12,East Midlands,Faro,Auramar Beach Resort,3,Sun 27 Mar,Wed 30 Mar,Y,4,3,£447,1,2,2
13,East Midlands,Faro,Auramar Beach Resort,3,Sun 27 Mar,Wed 30 Mar,Y,4,3,£447,1,2,2
14,Bristol,Girona,Samba Hotel,3,Wed 30 Mar,Sat 2 Apr,N,6,3,£345,1,2,2
15,Bristol,Girona,Samba Hotel,3,Wed 30 Mar,Sat 2 Apr,N,6,3,£345,1,2,2
